"Cites,Authors,Title,Year,Source,Publisher,ArticleURL,CitesURL,GSRank,QueryDate,Type,DOI,ISSN,CitationURL,Volume,Issue,StartPage,EndPage,ECC,CitesPerYear,CitesPerAuthor,AuthorCount,Age,Abstract"
"348,""CF Camerer, A Dreber, F Holzmeister, TH Ho…"",""Evaluating the replicability of social science experiments in Nature and Science between 2010 and 2015"",2018,""Nature Human …"",""nature.com"",""https://www.nature.com/articles/S41562-018-0399-Z"",""https://scholar.google.com/scholar?cites=14458592275451163300&as_sdt=2005&sciodt=0,5&hl=en"",1,""2020-03-10 13:08:36"",""HTML"","""","""","""",,,,,348,174.00,70,5,2,""Being able to replicate scientific findings is crucial for scientific progress 1, 2, 3, 4, 5, 6, 7, 8, 9, 10, 11, 12, 13, 14, 15. We replicate 21 systematically selected experimental studies in the social sciences published in Nature and Science between 2010 and 2015 16, 17, 18, 19, 20 …"""
"244,""G Music"",""Nurturing natures: Attachment and children's emotional, sociocultural and brain development"",2016,"""",""books.google.com"",""https://books.google.com/books?hl=en&lr=&id=piclDwAAQBAJ&oi=fnd&pg=PR1&ots=xEigZB26T3&sig=3FRc5Xwt3NgbL2eId-ZIo-FjtBc"",""https://scholar.google.com/scholar?cites=10959001494567608232&as_sdt=2005&sciodt=0,5&hl=en"",2,""2020-03-10 13:08:36"",""BOOK"","""","""","""",,,,,244,61.00,244,1,4,""This new edition of the bestselling text, Nurturing Natures, provides an indispensable synthesis of the latest scientific knowledge about children's emotional development. Integrating a wealth of both up-to-date and classical research from areas such as attachment …"""
"163,""C Starmans, M Sheskin, P Bloom"",""Why people prefer unequal societies"",2017,""Nature Human Behaviour"",""nature.com"",""https://www.nature.com/articles/s41562-017-0082?mod=article_inline"",""https://scholar.google.com/scholar?cites=2574128862491061730&as_sdt=2005&sciodt=0,5&hl=en"",3,""2020-03-10 13:08:36"","""","""","""","""",,,,,163,54.33,54,3,3,""There is immense concern about economic inequality, both among the scholarly community and in the general public, and many insist that equality is an important social goal. However, when people are asked about the ideal distribution of wealth in their country, they actually …"""
"115,""S Côté, J House, R Willer"",""High economic inequality leads higher-income individuals to be less generous"",2015,""Proceedings of the National …"",""National Acad Sciences"",""https://www.pnas.org/content/112/52/15838.short"",""https://scholar.google.com/scholar?cites=17446156781347725351&as_sdt=2005&sciodt=0,5&hl=en"",4,""2020-03-10 13:08:36"","""","""","""","""",,,,,115,23.00,38,3,5,""Research on social class and generosity suggests that higher-income individuals are less generous than poorer individuals. We propose that this pattern emerges only under conditions of high economic inequality, contexts that can foster a sense of entitlement …"""
"103,""JA Mathews, H Tan"",""Circular economy: lessons from China"",2016,""Nature"",""nature.com"",""https://www.nature.com/articles/531440a"",""https://scholar.google.com/scholar?cites=7877749619473219663&as_sdt=2005&sciodt=0,5&hl=en"",5,""2020-03-10 13:08:36"",""HTML"","""","""","""",,,,,103,25.75,52,2,4,""10 major programmes focusing on recycling industrial wastes, conversion of industrial parks, remanufacturing, urban mining, and the development of waste-collection and recycling systems; 100 demonstration cities such as Suzhou and Guangzhou; and 1,000 …"""
"98,""AA Arechar, S Gächter, L Molleman"",""Conducting interactive experiments online"",2018,""Experimental economics"",""Springer"",""https://link.springer.com/article/10.1007/s10683-017-9527-2"",""https://scholar.google.com/scholar?cites=6314919104148647937&as_sdt=2005&sciodt=0,5&hl=en"",6,""2020-03-10 13:08:36"",""HTML"","""","""","""",,,,,98,49.00,33,3,2,""Online labor markets provide new opportunities for behavioral research, but conducting economic experiments online raises important methodological challenges. This particularly holds for interactive designs. In this paper, we provide a methodological discussion of the …"""
"77,""MW Kraus, JW Park, JJX Tan"",""Signs of social class: The experience of economic inequality in everyday life"",2017,""… on Psychological Science"",""journals.sagepub.com"",""https://journals.sagepub.com/doi/abs/10.1177/1745691616673192"",""https://scholar.google.com/scholar?cites=17073759489064830525&as_sdt=2005&sciodt=0,5&hl=en"",7,""2020-03-10 13:08:36"","""","""","""","""",,,,,77,25.67,26,3,3,""By some accounts, global economic inequality is at its highest point on record. The pernicious effects of this broad societal trend are striking: Rising inequality is linked to poorer health and well-being across countries, continents, and cultures. The economic and …"""
"70,""NR Buttrick, S Oishi"",""The psychological consequences of income inequality"",2017,""Social and Personality Psychology …"",""Wiley Online Library"",""https://onlinelibrary.wiley.com/doi/abs/10.1111/spc3.12304"",""https://scholar.google.com/scholar?cites=4627793151141968125&as_sdt=2005&sciodt=0,5&hl=en"",8,""2020-03-10 13:08:36"","""","""","""","""",,,,,70,23.33,35,2,3,""In this paper, we review and integrate the contemporary literature on the societal effects of income inequality, drawing on social, personality, developmental, and organizational psychology, sociology, political science, economics, and public health. Living in highly …"""
"67,""C Graham"",""Happiness for all?: Unequal hopes and lives in pursuit of the American Dream"",2017,"""",""books.google.com"",""https://books.google.com/books?hl=en&lr=&id=PwlpDQAAQBAJ&oi=fnd&pg=PP1&ots=adB-kg1_SC&sig=QsUiRjmJLzseJiWyxPnTnj-1V48"",""https://scholar.google.com/scholar?cites=14167341350520423732&as_sdt=2005&sciodt=0,5&hl=en"",9,""2020-03-10 13:08:36"",""BOOK"","""","""","""",,,,,67,22.33,67,1,3,""How the optimism gap between rich and poor is creating an increasingly divided society The Declaration of Independence states that all people are endowed with certain unalienable rights, and that among these is the pursuit of happiness. But is happiness available equally …"""
"68,""A Nishi, DA Milner Jr, EL Giovannucci…"",""Integration of molecular pathology, epidemiology and social science for global precision medicine"",2016,""Expert review of …"",""Taylor & Francis"",""https://www.tandfonline.com/doi/abs/10.1586/14737159.2016.1115346"",""https://scholar.google.com/scholar?cites=9788607621374626935&as_sdt=2005&sciodt=0,5&hl=en"",10,""2020-03-10 13:08:36"","""","""","""","""",,,,,68,17.00,17,4,4,""The precision medicine concept and the unique disease principle imply that each patient has unique pathogenic processes resulting from heterogeneous cellular genetic and epigenetic alterations and interactions between cells (including immune cells) and …"""
"65,""ML Sands"",""Exposure to inequality affects support for redistribution"",2017,""Proceedings of the National Academy of …"",""National Acad Sciences"",""https://www.pnas.org/content/114/4/663.short"",""https://scholar.google.com/scholar?cites=10689413277942481301&as_sdt=2005&sciodt=0,5&hl=en"",11,""2020-03-10 13:08:36"","""","""","""","""",,,,,65,21.67,65,1,3,""The distribution of wealth in the United States and countries around the world is highly skewed. How does visible economic inequality affect well-off individuals' support for redistribution? Using a placebo-controlled field experiment, I randomize the presence of …"""
"54,""KA DeCelles, MI Norton"",""Physical and situational inequality on airplanes predicts air rage"",2016,""Proceedings of the National …"",""National Acad Sciences"",""https://www.pnas.org/content/113/20/5588.short"",""https://scholar.google.com/scholar?cites=17722667608332755527&as_sdt=2005&sciodt=0,5&hl=en"",12,""2020-03-10 13:08:36"","""","""","""","""",,,,,54,13.50,27,2,4,""We posit that the modern airplane is a social microcosm of class-based society, and that the increasing incidence of “air rage” can be understood through the lens of inequality. Research on inequality typically examines the effects of relatively fixed, macrostructural …"""
"36,""X Chen, A Szolnoki"",""Individual wealth-based selection supports cooperation in spatial public goods games"",2016,""Scientific reports"",""nature.com"",""https://www.nature.com/articles/srep32802"",""https://scholar.google.com/scholar?cites=4003676056694472195&as_sdt=2005&sciodt=0,5&hl=en"",13,""2020-03-10 13:08:36"",""HTML"","""","""","""",,,,,36,9.00,18,2,4,""In a social dilemma game group members are allowed to decide if they contribute to the joint venture or not. As a consequence, defectors, who do not invest but only enjoy the mutual benefit, prevail and the system evolves onto the tragedy of the common state. This …"""
"36,""PK Piff, MW Kraus, D Keltner"",""Unpacking the inequality paradox: The psychological roots of inequality and social class"",2018,""Advances in experimental social psychology"",""Elsevier"",""https://www.sciencedirect.com/science/article/pii/S0065260117300369"",""https://scholar.google.com/scholar?cites=15612431449934303518&as_sdt=2005&sciodt=0,5&hl=en"",14,""2020-03-10 13:08:36"","""","""","""","""",,,,,36,18.00,12,3,2,""Why does economic inequality continue to rise despite being disfavored and harmful to individuals and society? To better understand this inequality paradox, we advance an inequality maintenance model of social class. We detail a set of five propositions to …"""
"32,""Z Hu, C Wei, L Yao, L Li, C Li"",""A multi-objective optimization model with conditional value-at-risk constraints for water allocation equality"",2016,""Journal of Hydrology"",""Elsevier"",""https://www.sciencedirect.com/science/article/pii/S0022169416305637"",""https://scholar.google.com/scholar?cites=12837530806815858658&as_sdt=2005&sciodt=0,5&hl=en"",15,""2020-03-10 13:08:36"","""","""","""","""",,,,,32,8.00,6,5,4,""Water scarcity is a global problem which causes economic and political conflicts as well as degradation of ecosystems. Moreover, the uncertainty caused by extreme weather increases the risk of economic inefficiency, an essential consideration for water users. In this study, a …"""
"30,""OP Hauser, MI Norton"",""(Mis) perceptions of inequality"",2017,""Current opinion in psychology"",""Elsevier"",""https://www.sciencedirect.com/science/article/pii/S2352250X17300465"",""https://scholar.google.com/scholar?cites=7775130289352093614&as_sdt=2005&sciodt=0,5&hl=en"",16,""2020-03-10 13:08:36"","""","""","""","""",,,,,30,10.00,15,2,3,""Laypeople's beliefs about the current distribution of outcomes such as income and wealth in their country influence their attitudes toward issues ranging from taxation to healthcare—but how accurate are these beliefs? We review the burgeoning literature on (mis) perceptions of …"""
"28,""AJ Stewart, TL Parsons…"",""Evolutionary consequences of behavioral diversity"",2016,""Proceedings of the …"",""National Acad Sciences"",""https://www.pnas.org/content/113/45/E7003.short"",""https://scholar.google.com/scholar?cites=7980803443430511220&as_sdt=2005&sciodt=0,5&hl=en"",17,""2020-03-10 13:08:36"","""","""","""","""",,,,,28,7.00,9,3,4,""Iterated games provide a framework to describe social interactions among groups of individuals. This body of work has focused primarily on individuals who face a simple binary choice, such as “cooperate” or “defect.” Real individuals, however, can exhibit behavioral …"""
"23,""A Nishi, NA Christakis, DG Rand"",""Cooperation, decision time, and culture: Online experiments with American and Indian participants"",2017,""PloS one"",""journals.plos.org"",""https://journals.plos.org/plosone/article/file?type=printable&id=10.1371/journal.pone.0171252"",""https://scholar.google.com/scholar?cites=620704688265352321&as_sdt=2005&sciodt=0,5&hl=en"",18,""2020-03-10 13:08:36"",""PDF"","""","""","""",,,,,23,7.67,8,3,3,""Two separate bodies of work have examined whether culture affects cooperation in economic games and whether cooperative or non-cooperative decisions occur more quickly. Here, we connect this work by exploring the relationship between decision time and …"""
"22,""X Han, S Cao, Z Shen, B Zhang…"",""Emergence of communities and diversity in social networks"",2017,""Proceedings of the …"",""National Acad Sciences"",""https://www.pnas.org/content/114/11/2887.short"",""https://scholar.google.com/scholar?cites=14419971108718357334&as_sdt=2005&sciodt=0,5&hl=en"",19,""2020-03-10 13:08:36"","""","""","""","""",,,,,22,7.33,4,5,3,""Communities are common in complex networks and play a significant role in the functioning of social, biological, economic, and technological systems. Despite widespread interest in detecting community structures in complex networks and exploring the effect of communities …"""
"23,""J Jetten, Z Wang, NK Steffens, F Mols, K Peters…"",""A social identity analysis of responses to economic inequality"",2017,""Current Opinion in …"",""Elsevier"",""https://www.sciencedirect.com/science/article/pii/S2352250X17300763"",""https://scholar.google.com/scholar?cites=2450252049769195780&as_sdt=2005&sciodt=0,5&hl=en"",20,""2020-03-10 13:08:36"","""","""","""","""",,,,,23,7.67,4,6,3,""Even though there is growing awareness that economic inequality is harmful for people's health, the way that such inequality affects social behavior and political attitudes remains poorly understood. Moving beyond a focus on the health and well-being costs of income …"""
"20,""RB Rutledge, AO De Berker, S Espenhahn…"",""The social contingency of momentary subjective well-being"",2016,""Nature …"",""nature.com"",""https://www.nature.com/articles/ncomms11825?origin=ppub"",""https://scholar.google.com/scholar?cites=8679467636404270287&as_sdt=2005&sciodt=0,5&hl=en"",21,""2020-03-10 13:08:36"",""HTML"","""","""","""",,,,,20,5.00,5,4,4,""Although social comparison is a known determinant of overall life satisfaction, it is not clear how it affects moment-to-moment variation in subjective emotional state. Using a novel social decision task combined with computational modelling, we show that a participant's …"""
"19,""A Nishi, NA Christakis, AM Evans, AJ O'Malley…"",""Social environment shapes the speed of cooperation"",2016,""Scientific reports"",""nature.com"",""https://www.nature.com/articles/srep29622"",""https://scholar.google.com/scholar?cites=13183601023428899228&as_sdt=2005&sciodt=0,5&hl=en"",22,""2020-03-10 13:08:36"",""HTML"","""","""","""",,,,,19,4.75,4,5,4,""Are cooperative decisions typically made more quickly or slowly than non-cooperative decisions? While this question has attracted considerable attention in recent years, most research has focused on one-shot interactions. Yet it is repeated interactions that …"""
"18,""NR Buttrick, SJ Heintzelman, S Oishi"",""Inequality and well-being"",2017,""Current opinion in psychology"",""Elsevier"",""https://www.sciencedirect.com/science/article/pii/S2352250X17300866"",""https://scholar.google.com/scholar?cites=15821684042726841288&as_sdt=2005&sciodt=0,5&hl=en"",23,""2020-03-10 13:08:36"","""","""","""","""",,,,,18,6.00,6,3,3,""Income inequality is on the rise across the globe—an increasingly small portion of individuals control an increasingly large portion of wealth. Importantly, this inequality is associated with lower levels of happiness for citizens. In this paper, we review evidence …"""
"20,""S Davidai"",""Why do Americans believe in economic mobility? Economic inequality, external attributions of wealth and poverty, and the belief in economic mobility"",2018,""Journal of Experimental Social Psychology"",""Elsevier"",""https://www.sciencedirect.com/science/article/pii/S002210311830146X"",""https://scholar.google.com/scholar?cites=16017066899096913589&as_sdt=2005&sciodt=0,5&hl=en"",24,""2020-03-10 13:08:36"","""","""","""","""",,,,,20,10.00,20,1,2,""Although the rates of economic inequality in the United States are at their highest since the onset of The Great Depression, many Americans do not seem as concerned as may be expected. This apparent lack of concern has been attributed to people's deeply-entrenched …"""
"19,""PA Gloor"",""Introduction', Swarm Leadership and the Collective Mind"",2017,"""",""emerald.com"",""https://www.emerald.com/insight/content/doi/10.1108/978-1-78714-200-820171001/full/html"",""https://scholar.google.com/scholar?cites=17702905313459269821&as_sdt=2005&sciodt=0,5&hl=en"",25,""2020-03-10 13:08:36"",""BOOK"","""","""","""",,,,,19,6.33,19,1,3,""Steve Jobs did not create Apple! Of course, Steve Jobs started Apple—together with Steve Wozniak! But he did not create it. He could never have done it on his own. Steve Jobs created the swarm that created Apple. From the very first day on, he was relying on untold …"""
"19,""JG Manning"",""The open sea: the economic life of the ancient Mediterranean world from the Iron Age to the rise of Rome"",2018,"""",""books.google.com"",""https://books.google.com/books?hl=en&lr=&id=hWeYDwAAQBAJ&oi=fnd&pg=PA10&ots=6mG9mdB25l&sig=NELf6ck52oS_45BavC2vDQTjOT8"",""https://scholar.google.com/scholar?cites=14716201841655086416&as_sdt=2005&sciodt=0,5&hl=en"",26,""2020-03-10 13:08:36"",""BOOK"","""","""","""",,,,,19,9.50,19,1,2,""A major new economic history of the ancient Mediterranean world In The Open Sea, JG Manning offers a major new history of economic life in the Mediterranean world in the Iron Age, from Phoenician trading down to the Hellenistic era and the beginning of Rome's …"""
"16,""S Gächter, F Mengel, E Tsakas…"",""Growth and inequality in public good provision"",2017,""Journal of Public …"",""Elsevier"",""https://www.sciencedirect.com/science/article/pii/S0047272717300361"",""https://scholar.google.com/scholar?cites=3508547557936327839&as_sdt=2005&sciodt=0,5&hl=en"",27,""2020-03-10 13:08:36"",""HTML"","""","""","""",,,,,16,5.33,4,4,3,""In a novel experimental design, we study public good games with dynamic interdependencies, where each agent's wealth at the end of period t serves as her endowment in t+ 1. In this setting, growth and inequality arise endogenously allowing us to …"""
"14,""NA Christakis"",""Blueprint: The evolutionary origins of a good society"",2019,"""",""Hachette UK"","""",""https://scholar.google.com/scholar?cites=6829691086048655959&as_sdt=2005&sciodt=0,5&hl=en"",28,""2020-03-10 13:08:36"",""CITATION"","""","""","""",,,,,14,14.00,14,1,1,"""""
"13,""Y Tao, X Wu, T Zhou, W Yan, Y Huang, H Yu…"",""Exponential structure of income inequality: evidence from 67 countries"",2019,""Journal of Economic …"",""Springer"",""https://link.springer.com/article/10.1007/s11403-017-0211-6"",""https://scholar.google.com/scholar?cites=2997794850680749658&as_sdt=2005&sciodt=0,5&hl=en"",29,""2020-03-10 13:08:36"",""HTML"","""","""","""",,,,,13,13.00,2,7,1,""Economic competition between humans leads to income inequality, but, so far, there has been little understanding of underlying quantitative mechanisms governing such a collective behavior. We analyze datasets of household income from 67 countries, ranging from Europe …"""
"13,""S Ala-Mantila, J Heinonen, S Junnila…"",""Spatial nature of urban well-being"",2018,""Regional Studies"",""Taylor & Francis"",""https://www.tandfonline.com/doi/abs/10.1080/00343404.2017.1360485"",""https://scholar.google.com/scholar?cites=2962424858717125086&as_sdt=2005&sciodt=0,5&hl=en"",30,""2020-03-10 13:08:36"","""","""","""","""",,,,,13,6.50,3,4,2,""The evidence for connections between subjective well-being and spatial factors remains inconclusive, especially with respect to the immediate living environment. To fill this gap, this paper explores the relationship between individual-level subjective well-being and spatial …"""
"13,""Á Sánchez‐Rodríguez, GB Willis…"",""Economic and social distance: Perceived income inequality negatively predicts an interdependent self‐construal"",2019,""International Journal …"",""Wiley Online Library"",""https://onlinelibrary.wiley.com/doi/abs/10.1002/ijop.12437"",""https://scholar.google.com/scholar?cites=12961606109471251591&as_sdt=2005&sciodt=0,5&hl=en"",31,""2020-03-10 13:08:36"","""","""","""","""",,,,,13,13.00,4,3,1,""Previous research has shown that economic inequality influences how people are related with others. In this article, we suggest that perceived economic inequality influences self‐construal. Specifically, we propose that higher economic inequality leads to an independent …"""
"13,""M Mosleh, B Heydari"",""Fair topologies: Community structures and network hubs drive emergence of fairness norms"",2017,""Scientific reports"",""nature.com"",""https://www.nature.com/articles/s41598-017-01876-0"",""https://scholar.google.com/scholar?cites=247876956414064643&as_sdt=2005&sciodt=0,5&hl=en"",32,""2020-03-10 13:08:36"",""HTML"","""","""","""",,,,,13,4.33,7,2,3,""Fairness has long been argued to govern human behavior in a wide range of social, economic, and organizational activities. The sense of fairness, although universal, varies across different societies. In this study, using a computational model, we test the hypothesis …"""
"12,""S Gaechter, F Mengel, E Tsakas…"",""Growth and inequality in public good games"",2014,""Available at SSRN …"",""papers.ssrn.com"",""https://papers.ssrn.com/sol3/papers.cfm?abstract_id=2351717"",""https://scholar.google.com/scholar?cites=18389417845325733619&as_sdt=2005&sciodt=0,5&hl=en"",33,""2020-03-10 13:08:36"","""","""","""","""",,,,,12,2.00,3,4,6,""In a novel experimental design we study dynamic public good games in which wealth is allowed to accumulate. More precisely each agent's income at the end of a period serves as her endowment in the following period. In this setting growth and inequality arise …"""
"12,""X Han, Z Shen, WX Wang, YC Lai, C Grebogi"",""Reconstructing direct and indirect interactions in networked public goods game"",2016,""Scientific reports"",""nature.com"",""https://www.nature.com/articles/srep30241"",""https://scholar.google.com/scholar?cites=17588758967912998049&as_sdt=2005&sciodt=0,5&hl=en"",34,""2020-03-10 13:08:36"",""HTML"","""","""","""",,,,,12,3.00,2,5,4,""Network reconstruction is a fundamental problem for understanding many complex systems with unknown interaction structures. In many complex systems, there are indirect interactions between two individuals without immediate connection but with common neighbors. Despite …"""
"12,""RB Bird, E Ready, EA Power"",""The social significance of subtle signals"",2018,""Nature human behaviour"",""nature.com"",""https://www.nature.com/articles/s41562-018-0298-3"",""https://scholar.google.com/scholar?cites=3346568191911528979&as_sdt=2005&sciodt=0,5&hl=en"",35,""2020-03-10 13:08:36"",""HTML"","""","""","""",,,,,12,6.00,4,3,2,""Acts of prosociality, such as donating to charity, are often analysed in a similar way to acts of conspicuous advertising; both involve costly signals revealing hidden qualities that increase the signaller's prestige. However, experimental work suggests that grand gestures, even if …"""
"11,""OP Hauser, GT Kraft-Todd, DG Rand…"",""Invisible inequality leads to punishing the poor and rewarding the rich"",2019,""Behavioural Public …"",""cambridge.org"",""https://www.cambridge.org/core/journals/behavioural-public-policy/article/invisible-inequality-leads-to-punishing-the-poor-and-rewarding-the-rich/EDCB613D2680009C80CCB4FF0D7EDF7D"",""https://scholar.google.com/scholar?cites=9365836274571251418&as_sdt=2005&sciodt=0,5&hl=en"",36,""2020-03-10 13:08:36"","""","""","""","""",,,,,11,11.00,3,4,1,""Four experiments examine how lack of awareness of inequality affect behaviour towards the rich and poor. In Experiment 1, participants who became aware that wealthy individuals donated a smaller percentage of their income switched from rewarding the wealthy to …"""
"11,""XW Wang, S Nie, LL Jiang, BH Wang…"",""Role of delay-based reward in the spatial cooperation"",2017,""Physica A: Statistical …"",""Elsevier"",""https://www.sciencedirect.com/science/article/pii/S0378437116305301"",""https://scholar.google.com/scholar?cites=6972827935206710955&as_sdt=2005&sciodt=0,5&hl=en"",37,""2020-03-10 13:08:36"","""","""","""","""",,,,,11,3.67,2,5,3,""Strategy selection in games, a typical decision making, usually brings noticeable reward for players which have discounted value if the delay appears. The discounted value is measure: earning sooner with a small reward or later with a delayed larger reward. Here, we …"""
"12,""W Elsner"",""Complexity economics as heterodoxy: Theory and policy"",2017,""Journal of economic issues"",""Taylor & Francis"",""https://www.tandfonline.com/doi/abs/10.1080/00213624.2017.1391570"",""https://scholar.google.com/scholar?cites=3138754606538602656&as_sdt=2005&sciodt=0,5&hl=en"",38,""2020-03-10 13:08:36"","""","""","""","""",,,,,12,4.00,12,1,3,""Complexity economics has quickly become a powerful research program for real-world economics in recent years. This article provides an overview of complexity economics, and argues that it is incompatible with the “equilibrium” and “optimality” conceptions of the …"""
"12,""MW Kraus, JW Park"",""The structural dynamics of social class"",2017,""Current opinion in psychology"",""Elsevier"",""https://www.sciencedirect.com/science/article/pii/S2352250X17300672"",""https://scholar.google.com/scholar?cites=13547064638447790145&as_sdt=2005&sciodt=0,5&hl=en"",39,""2020-03-10 13:08:36"","""","""","""","""",,,,,12,4.00,6,2,3,""Individual agency accounts of social class persist in society and even in psychological science despite clear evidence for the role of social structures. This article argues that social class is defined by the structural dynamics of society. Specifically, access to powerful …"""
"11,""A Nishi, NA Christakis"",""Human behavior under economic inequality shapes inequality"",2015,""Proceedings of the National …"",""National Acad Sciences"",""https://www.pnas.org/content/112/52/15781.short"",""https://scholar.google.com/scholar?cites=11391908107273243152&as_sdt=2005&sciodt=0,5&hl=en"",40,""2020-03-10 13:08:36"","""","""","""","""",,,,,11,2.20,6,2,5,""In his 1926 short story,“The Rich Boy,” F. Scott Fitzgerald observes:“Let me tell you about the very rich. They are different from you and me. They possess and enjoy early, and it does something to them, makes them soft where we are hard, and cynical where we are trustful, in …"""
"11,""SC Schmukle, M Korndörfer…"",""No evidence that economic inequality moderates the effect of income on generosity"",2019,""Proceedings of the …"",""National Acad Sciences"",""https://www.pnas.org/content/116/20/9790.short"",""https://scholar.google.com/scholar?cites=5416098875123255061&as_sdt=2005&sciodt=0,5&hl=en"",41,""2020-03-10 13:08:36"","""","""","""","""",,,,,11,11.00,4,3,1,""A landmark study published in PNAS [Côté S, House J, Willer R (2015) Proc Natl Acad Sci USA 112: 15838–15843] showed that higher income individuals are less generous than poorer individuals only if they reside in a US state with comparatively large economic …"""
"10,""LM Hackel, J Zaki"",""Propagation of economic inequality through reciprocity and reputation"",2018,""Psychological science"",""journals.sagepub.com"",""https://journals.sagepub.com/doi/abs/10.1177/0956797617741720"",""https://scholar.google.com/scholar?cites=13967913872330951808&as_sdt=2005&sciodt=0,5&hl=en"",42,""2020-03-10 13:08:36"","""","""","""","""",,,,,10,5.00,5,2,2,""Reciprocity and reputation are powerful tools for encouraging cooperation on a broad scale. Here, we highlight a potential side effect of these social phenomena: exacerbating economic inequality. In two novel economic games, we manipulated the amount of money with which …"""
"9,""W Elsner"",""Policy implications of economic complexity and complexity economics"",2015,"""",""mpra.ub.uni-muenchen.de"",""https://mpra.ub.uni-muenchen.de/id/eprint/68372"",""https://scholar.google.com/scholar?cites=17151533008535739343&as_sdt=2005&sciodt=0,5&hl=en"",43,""2020-03-10 13:08:36"","""","""","""","""",,,,,9,1.80,9,1,5,""Complexity economics has developed into a promising cutting-edge research program for a more realistic economics in the last three or four decades. Also some convergent micro-and macro-foundations across heterodox schools have been attained with it. With some time lag …"""
"10,""SM Schneider"",""Why income inequality is dissatisfying—Perceptions of social status and the inequality-satisfaction link in europe"",2019,""European Sociological Review"",""academic.oup.com"",""https://academic.oup.com/esr/article-abstract/35/3/409/5366942"",""https://scholar.google.com/scholar?cites=17672342499009610449&as_sdt=2005&sciodt=0,5&hl=en"",44,""2020-03-10 13:08:36"","""","""","""","""",,,,,10,10.00,10,1,1,""This study proposes subjective social status—a person's perception of his/her standing in the social hierarchy—is an important psychological mechanism driving the inequality-satisfaction link. Building on sociological and social-psychological research, it argues (i) the …"""
"9,""Á Sánchez‐Rodríguez, GB Willis…"",""Economic inequality enhances inferences that the normative climate is individualistic and competitive"",2019,""European Journal of …"",""Wiley Online Library"",""https://onlinelibrary.wiley.com/doi/abs/10.1002/ejsp.2557"",""https://scholar.google.com/scholar?cites=7496361701363139026&as_sdt=2005&sciodt=0,5&hl=en"",45,""2020-03-10 13:08:36"","""","""","""","""",,,,,9,9.00,3,3,1,""In addition to the negative effects of economic inequality on a range of health and social outcomes, we propose that inequality should also affect how people perceive the broader normative climate in society. We predicted that people living in a more unequal (vs. equal) …"""
"10,""D Li, J Ma, D Han, M Sun, L Tian, HE Stanley"",""The co-evolution of networks and prisoner's dilemma game by considering sensitivity and visibility"",2017,""Scientific reports"",""nature.com"",""https://www.nature.com/articles/srep45237"",""https://scholar.google.com/scholar?cites=4996452829785740680&as_sdt=2005&sciodt=0,5&hl=en"",46,""2020-03-10 13:08:36"",""HTML"","""","""","""",,,,,10,3.33,2,6,3,""Strategies adopted by individuals in a social network significantly impact the network, and they strongly affect relationships between individuals in the network. Links between individuals also heavily influence their levels of cooperation. Taking into account the …"""
"7,""H Shirado, G Iosifidis, L Tassiulas…"",""Resource sharing in technologically defined social networks"",2019,""Nature …"",""nature.com"",""https://www.nature.com/articles/s41467-019-08935-2"",""https://scholar.google.com/scholar?cites=15091156432191208017&as_sdt=2005&sciodt=0,5&hl=en"",47,""2020-03-10 13:08:36"",""HTML"","""","""","""",,,,,7,7.00,2,4,1,""Technologically enabled sharing-economy networks are changing the way humans trade and collaborate. Here, using a novel 'Wi-Fi sharing'game, we explored determinants of human sharing strategy. Subjects (N= 1,950) participated in a networked game in which they …"""
"8,""AS Browman, M Destin, MS Kearney…"",""How economic inequality shapes mobility expectations and behaviour in disadvantaged youth"",2019,""Nature Human …"",""nature.com"",""https://www.nature.com/articles/s41562-018-0523-0"",""https://scholar.google.com/scholar?cites=16685831254044005672&as_sdt=2005&sciodt=0,5&hl=en"",48,""2020-03-10 13:08:36"",""HTML"","""","""","""",,,,,8,8.00,2,4,1,""Economic inequality can have a range of negative consequences for those in younger generations, particularly for those from lower-socioeconomic status (SES) backgrounds. Economists and psychologists, among other social scientists, have addressed this issue, but …"""
"7,""J Li, WH Dow, S Kariv"",""Social preferences of future physicians"",2017,""Proceedings of the National …"",""National Acad Sciences"",""https://www.pnas.org/content/114/48/E10291?collection=&utm_source=TrendMD&utm_medium=cpc&utm_campaign=Proc_Natl_Acad_Sci_U_S_A_TrendMD_0"",""https://scholar.google.com/scholar?cites=15931367229244465410&as_sdt=2005&sciodt=0,5&hl=en"",49,""2020-03-10 13:08:36"",""HTML"","""","""","""",,,,,7,2.33,2,3,3,""We measure the social preferences of a sample of US medical students and compare their preferences with those of the general population sampled in the American Life Panel (ALP). We also compare the medical students with a subsample of highly educated, wealthy ALP …"""
"6,""DG Rand"",""Non-naïvety may reduce the effect of intuition manipulations"",2018,""Nature human behaviour"",""nature.com"",""https://www.nature.com/articles/s41562-018-0404-6.pdf?origin=ppub"",""https://scholar.google.com/scholar?cites=5738374302795184636&as_sdt=2005&sciodt=0,5&hl=en"",50,""2020-03-10 13:08:36"",""PDF"","""","""","""",,,,,6,3.00,6,1,2,""To the Editor—In an experiment run on Amazon Mechanical Turk (MTurk), Camerer et al. 1 failed to replicate the finding in study 8 of Rand et al. 2 that promoting intuition via a recall induction increased cooperation. Before Camerer et al. 1 began collecting data to replicate …"""
"6,""D Melamed, B Simpson, A Harrell"",""Prosocial orientation alters network dynamics and fosters cooperation"",2017,""Scientific reports"",""nature.com"",""https://www.nature.com/articles/s41598-017-00265-x"",""https://scholar.google.com/scholar?cites=3667595555336579759&as_sdt=2005&sciodt=0,5&hl=en"",51,""2020-03-10 13:08:36"",""HTML"","""","""","""",,,,,6,2.00,2,3,3,""Dynamic networks have been shown to increase cooperation, but prior findings are compatible with two different mechanisms for the evolution of cooperation. It may be that dynamic networks promote cooperation even in networks composed entirely of egoists, who …"""
"7,""D Han, D Li, M Sun"",""How the initial level of visibility and limited resource affect the evolution of cooperation"",2016,""Scientific reports"",""nature.com"",""https://www.nature.com/articles/srep27191"",""https://scholar.google.com/scholar?cites=2815803025441480138&as_sdt=2005&sciodt=0,5&hl=en"",52,""2020-03-10 13:08:36"",""HTML"","""","""","""",,,,,7,1.75,2,3,4,""This work sheds important light on how the initial level of visibility and limited resource might affect the evolution of the players' strategies under different network structure. We perform the prisoner's dilemma game in the lattice network and the scale-free network, the simulation …"""
"7,""Y Tao, XJ Wu, T Zhou, WB Yan, YYX Huang, H Yu…"",""Universal Exponential Structure of Income Inequality: Evidence from 60 Countries"",2016,""arXiv preprint arXiv …"","""","""",""https://scholar.google.com/scholar?cites=12766185572755718883&as_sdt=2005&sciodt=0,5&hl=en"",53,""2020-03-10 13:08:36"",""CITATION"","""","""","""",,,,,7,1.75,1,7,4,"""""
"5,""M Giamattei, L Molleman…"",""LIONESS Lab–a free web-based platform for conducting interactive experiments online"",2019,""Available at SSRN …"",""papers.ssrn.com"",""https://papers.ssrn.com/sol3/papers.cfm?abstract_id=3329384"",""https://scholar.google.com/scholar?cites=3406707810457452109&as_sdt=2005&sciodt=0,5&hl=en"",54,""2020-03-10 13:08:36"","""","""","""","""",,,,,5,5.00,2,3,1,""LIONESS Lab is a free web-based platform for interactive online experiments. It provides solutions for the methodological challenges of interactive online experimentation, including ways to reduce waiting time, form groups on-the-fly and deal with participant dropout. The …"""
"5,""D Han, X Li"",""How the weak and strong links affect the evolution of prisoner's dilemma game"",2019,""New Journal of Physics"",""iopscience.iop.org"",""https://iopscience.iop.org/article/10.1088/1367-2630/aafa53/meta"",""https://scholar.google.com/scholar?cites=16881363104516457523&as_sdt=2005&sciodt=0,5&hl=en"",55,""2020-03-10 13:08:36"","""","""","""","""",,,,,5,5.00,3,2,1,""The complex interactions between individuals are intertwined with time in multilayer networks. In this paper, we propose a prisoner's dilemma game on a two-layered network, including the weak-link layer and the strong-link layer. Based on the mean-field theory and …"""
"5,""A Hu"",""On the relationship between subjective inequality and generalized trust"",2017,""Research in Social Stratification and Mobility"",""Elsevier"",""https://www.sciencedirect.com/science/article/pii/S0276562416302074"",""https://scholar.google.com/scholar?cites=16295129451765371617&as_sdt=2005&sciodt=0,5&hl=en"",56,""2020-03-10 13:08:36"","""","""","""","""",,,,,5,1.67,5,1,3,""Despite the well-received detrimental effect of socio-economic inequality on generalized trust, the role of subjective inequality, as defined to be the joint outcome of one's perception of factual unequal social resource distribution and normative belief about the ideal state of …"""
"4,""W Elsner"",""Policy and state in complexity economics"",2019,""A Modern Guide to State Intervention"",""elgaronline.com"",""https://www.elgaronline.com/downloadpdf/edcoll/9781789905076/9781789905076.00009.pdf"",""https://scholar.google.com/scholar?cites=11885540540557213717&as_sdt=2005&sciodt=0,5&hl=en"",57,""2020-03-10 13:08:36"","""","""","""","""",,,,,4,4.00,4,1,1,""Mainstream policy conceptions and prescriptions appear to be normative postulations for a permanent 'state planning for more market', mainly organizing 'de-regulation cum privatization', rather than deliberate sets of conditional recommendations based on …"""
"4,""W Drechsler"",""The reality and diversity of Buddhist economics"",2019,""American Journal of Economics and Sociology"",""academia.edu"",""https://www.academia.edu/download/56906443/Drechsler_2018_Buddhist_econ_24.pdf"",""https://scholar.google.com/scholar?cites=1131751972881740541&as_sdt=2005&sciodt=0,5&hl=en"",58,""2020-03-10 13:08:36"",""PDF"","""","""","""",,,,,4,4.00,4,1,1,""1. Buddhist Economics (BE), as most religion-based economics, is not only an extrapolation from the respective basic texts, but also, if not primarily, how BE has been practiced in reality over time, and especially today; 2. BE as a concept comes originally from an outside …"""
"4,""G Iosifidis, Y Charette, EM Airoldi, G Littera…"",""Cyclic motifs in the Sardex monetary network"",2018,""Nature Human …"",""nature.com"",""https://www.nature.com/articles/s41562-018-0450-0"",""https://scholar.google.com/scholar?cites=18013331714956828000&as_sdt=2005&sciodt=0,5&hl=en"",59,""2020-03-10 13:08:36"",""HTML"","""","""","""",,,,,4,2.00,1,5,2,""From decentralized banking systems to digital community currencies, the way humans perceive and use money is changing 1, 2, 3, thus creating novel opportunities for solving important economic and social problems. Here, we study Sardex, a fast-growing community …"""
"4,""D Osborne, E García-Sánchez, CG Sibley"",""Identifying the Psychological Mechanisms Underlying the Effects of Inequality on Society: The Macro-Micro Model of Inequality and Relative Deprivation (MIRED)"",2019,""The social psychology of …"",""Springer"",""https://link.springer.com/chapter/10.1007/978-3-030-28856-3_16"",""https://scholar.google.com/scholar?cites=12868724037191032087&as_sdt=2005&sciodt=0,5&hl=en"",60,""2020-03-10 13:08:36"","""","""","""","""",,,,,4,4.00,1,3,1,""In the last 40 years, inequality has risen to levels unseen since before World War II. Although these increases correlate with numerous harmful outcomes, research has largely overlooked the psychological mechanisms that transmit the macro-level effects of inequality …"""
"4,""K Liu, X Wang"",""Relative income and income satisfaction: An experimental study"",2017,""Social Indicators Research"",""Springer"",""https://link.springer.com/article/10.1007/s11205-016-1266-9"",""https://scholar.google.com/scholar?cites=6439903456659719833&as_sdt=2005&sciodt=0,5&hl=en"",61,""2020-03-10 13:08:36"",""HTML"","""","""","""",,,,,4,1.33,2,2,3,""This paper examines the impact of relative income on income satisfaction with given absolute income. We conducted an experiment in China where participants earned three different levels of income according to their relative performance in a task. While the …"""
"5,""L Wang, T Chen, X You, Y Wang"",""The effect of wealth-based anti-expectation behaviors on public cooperation"",2018,""Physica A: Statistical Mechanics and its …"",""Elsevier"",""https://www.sciencedirect.com/science/article/pii/S0378437117310440"",""https://scholar.google.com/scholar?cites=2998535879817770743&as_sdt=2005&sciodt=0,5&hl=en"",62,""2020-03-10 13:08:36"","""","""","""","""",,,,,5,2.50,1,4,2,""Wealth difference is a common sense in our society. It is unreasonable to assume people have the same capability to donate money to the common pool in public goods game (PGG). Individuals have behavioral expectation towards their neighbors. In this paper, we introduce …"""
"3,""DK Tracy, DW Joyce, SS Shergill"",""Kaleidoscope"",2016,""The British Journal of Psychiatry"",""cambridge.org"",""https://www.cambridge.org/core/journals/the-british-journal-of-psychiatry/article/kaleidoscope/FACF0789FD4A00752A515888C7F5CD63"",""https://scholar.google.com/scholar?cites=8243387541158462472&as_sdt=2005&sciodt=0,5&hl=en"",63,""2020-03-10 13:08:36"","""","""","""","""",,,,,3,0.75,1,3,4,""Why does schizophrenia persist? It is not rare and onset is relatively early in life; one might predict that evolutionary pressures would eliminate this profoundly disabling condition. We have previously noted the good epidemiological evidence to link it to creativity.1 Now Srinivasan and colleagues2 …"""
"5,""Q Pan, X Liu, H Bao, Y Su, M He"",""Evolution of cooperation through adaptive interaction in a spatial prisoner's dilemma game"",2018,""Physica A: Statistical Mechanics and its …"",""Elsevier"",""https://www.sciencedirect.com/science/article/pii/S037843711730938X"",""https://scholar.google.com/scholar?cites=6136530595273782652&as_sdt=2005&sciodt=0,5&hl=en"",64,""2020-03-10 13:08:36"","""","""","""","""",,,,,5,2.50,1,5,2,""In this paper, we study the effect of adaptive interaction on the evolution of cooperation in a spatial prisoner's dilemma game. The connections of players are co-evolutionary with cooperation; whether adjacent players can play the prisoner's dilemma game is associated …"""
"3,""S Gächter"",""Behavioural economics: Visible inequality breeds more inequality"",2015,""Nature"",""nature.com"",""https://www.nature.com/articles/526333a"",""https://scholar.google.com/scholar?cites=12653583437607801452&as_sdt=2005&sciodt=0,5&hl=en"",65,""2020-03-10 13:08:36"",""HTML"","""","""","""",,,,,3,0.60,3,1,5,""SIMON GÄCHTER Inequality is a growing concern in many societies1. Like most important social phenomena, it is a complex issue that has many interacting sources and consequences1–3. To understand inequality and its dynamics over time, multiple theoretical …"""
"3,""T Johnson, O Smirnov"",""Inequality as information: Wealth homophily facilitates the evolution of cooperation"",2018,""Scientific reports"",""nature.com"",""https://www.nature.com/articles/s41598-018-30052-1"",""https://scholar.google.com/scholar?cites=8110692724248852867&as_sdt=2005&sciodt=0,5&hl=en"",66,""2020-03-10 13:08:36"",""HTML"","""","""","""",,,,,3,1.50,2,2,2,""Free-riding produces inequality in the prisoners' dilemma: cooperators suffer costs that defectors avoid, thus putting them at a material disadvantage to their anti-social peers. This inequality, accordingly, conveys information about a social partner's choices in past game …"""
"5,""JL Harrison, CA Montgomery, PW Jeanty"",""A spatial, simultaneous model of social capital and poverty"",2019,""Journal of behavioral and …"",""Elsevier"",""https://www.sciencedirect.com/science/article/pii/S2214804318304166"",""https://scholar.google.com/scholar?cites=10809960252610500374&as_sdt=2005&sciodt=0,5&hl=en"",67,""2020-03-10 13:08:36"","""","""","""","""",,,,,5,5.00,2,3,1,""This study explores the interrelationship between social capital and poverty, a negative indicator of well-being, in the Western United States. Econometric models that account for the endogeneity of poverty and social capital, spatial dependence, and cross-equation error …"""
"3,""M Tsvetkova, C Wagner, A Mao"",""The emergence of inequality in social groups: Network structure and institutions affect the distribution of earnings in cooperation games"",2018,""PloS one"",""ncbi.nlm.nih.gov"",""https://www.ncbi.nlm.nih.gov/pmc/articles/PMC6054378/"",""https://scholar.google.com/scholar?cites=10397172260565168141&as_sdt=2005&sciodt=0,5&hl=en"",68,""2020-03-10 13:08:36"",""HTML"","""","""","""",,,,,3,1.50,1,3,2,""From small communities to entire nations and society at large, inequality in wealth, social status, and power is one of the most pervasive and tenacious features of the social world. What causes inequality to emerge and persist? In this study, we investigate how the …"""
"3,""ML Sands, D de Kadt"",""Local exposure to inequality among the poor increases support for taxing the rich"",2019,"""",""files.osf.io"",""https://files.osf.io/v1/resources/9ktg2/providers/osfstorage/5d029e08a844d40019bc185d?action=download&version=3&direct&format=pdf"",""https://scholar.google.com/scholar?cites=6604847993904632040&as_sdt=2005&sciodt=0,5&hl=en"",69,""2020-03-10 13:08:36"",""PDF"","""","""","""",,,,,3,3.00,2,2,1,""How does local economic inequality affect the preferences and behaviors of the poor? We present a placebo-controlled field experiment conducted in Soweto, South Africa, that randomly varies exposure to inequality in low socio-economic settings. We find that …"""
"3,""G Camera, C Deck, D Porter"",""Do economic inequalities affect long-run cooperation and prosperity?"",2020,""Experimental Economics"",""Springer"",""https://link.springer.com/article/10.1007/s10683-019-09610-5"",""https://scholar.google.com/scholar?cites=10262763012819319051&as_sdt=2005&sciodt=0,5&hl=en"",70,""2020-03-10 13:08:36"",""HTML"","""","""","""",,,,,3,3.00,1,3,1,""We explore if fairness and inequality motivations affect cooperation in indefinitely repeated games. Each round, we randomly divided experimental participants into donor–recipient pairs. Donors could make a gift to recipients, and ex-ante earnings are highest when all …"""
"4,""НВ Горбачева"",""Оценка экономического неравенства в государственно-частных партнерствах в промышленности"",2018,""Вестник Санкт-Петербургского университета …"",""cyberleninka.ru"",""https://cyberleninka.ru/article/n/17849035"",""https://scholar.google.com/scholar?cites=17864931376559119077&as_sdt=2005&sciodt=0,5&hl=en"",71,""2020-03-10 13:08:36"",""HTML"","""","""","""",,,,,4,2.00,4,1,2,""Набирающий силу тренд обновления роли промышленности ведущих экономик мира актуализирует применение государственно-частного партнерства при реализации капиталоемких, крупных инвестиционных проектов, что предполагает координацию …"""
"4,""徐富明, 李欧, 邓颖, 刘程浩, 史燕伟"",""行为经济学中的不平等规避"",2016,""心理科学进展"",""journal.psych.ac.cn"",""http://journal.psych.ac.cn/xlkxjz/CN/Y2016/V24/I10/1613"",""https://scholar.google.com/scholar?cites=15356033237238644759&as_sdt=2005&sciodt=0,5&hl=en"",72,""2020-03-10 13:08:36"","""","""","""","""",,,,,4,1.00,1,5,4,""摘要不平等规避是指人们在资源分配中厌恶不平等的分配结果, 为了达成平等甚至愿意付出一定代价的现象. 这一现象是经济学中常见的行为“异象”, 属于社会偏好理论的研究范畴. 不平等规避的经典模型是FS-ERC 模型, 后来的研究者从消极情绪, 意图和社会奖励等视角对不 …"""
"2,""H Du, RB King, P Chi"",""Income inequality is detrimental to long-term well-being: A large-scale longitudinal investigation in China"",2019,""Social Science & Medicine"",""Elsevier"",""https://www.sciencedirect.com/science/article/pii/S0277953619302527"",""https://scholar.google.com/scholar?cites=18377381786545044153&as_sdt=2005&sciodt=0,5&hl=en"",73,""2020-03-10 13:08:36"","""","""","""","""",,,,,2,2.00,1,3,1,""Background Much of the research on the detrimental effects of inequality on well-being is based on cross-sectional surveys, which may have over-or under-estimated the relationship between income inequality and well-being. Moreover, the vast majority of the work comes …"""
"2,""W Drechsler"",""The Reality and Diversity of Buddhist Economics (With Case Studies of Thailand, Bhutan and Yogyakarta)"",2016,"""",""technologygovernance.eu"",""http://technologygovernance.eu/files/main/2016080312130303.pdf"",""https://scholar.google.com/scholar?cites=18420695514072807874&as_sdt=2005&sciodt=0,5&hl=en"",74,""2020-03-10 13:08:36"",""PDF"","""","""","""",,,,,2,0.50,2,1,4,""The Global Financial Crisis of 2008 has shown the deficiencies, not only of the current global-Western, neo-liberal economic system, but also of its theoretical basis, the so-called Standard Textbook Economics (STE)(see Drechsler 2011). But even teetering on the brink of …"""
"4,""OP Hauser, C Hilbe, K Chatterjee, MA Nowak"",""Social dilemmas among unequals"",2019,""Nature"",""nature.com"",""https://www.nature.com/articles/s41586-019-1488-5"",""https://scholar.google.com/scholar?cites=2387365827541400818&as_sdt=2005&sciodt=0,5&hl=en"",75,""2020-03-10 13:08:36"",""HTML"","""","""","""",,,,,4,4.00,1,4,1,""Direct reciprocity is a powerful mechanism for the evolution of cooperation on the basis of repeated interactions 1, 2, 3, 4. It requires that interacting individuals are sufficiently equal, such that everyone faces similar consequences when they cooperate or defect. Yet …"""
"2,""O FeldmanHall, JY Son, J Heffner"",""Norms and the flexibility of moral action"",2018,""Personality Neuroscience"",""cambridge.org"",""https://www.cambridge.org/core/journals/personality-neuroscience/article/norms-and-the-flexibility-of-moral-action/A8A5140A517ECEE314A21FF9FE0E9EED"",""https://scholar.google.com/scholar?cites=7908177465181630504&as_sdt=2005&sciodt=0,5&hl=en"",76,""2020-03-10 13:08:36"","""","""","""","""",,,,,2,1.00,1,3,2,""A complex web of social and moral norms governs many everyday human behaviors, acting as the glue for social harmony. The existence of moral norms helps elucidate the psychological motivations underlying a wide variety of seemingly puzzling behavior …"""
"2,""MD Molina, M Bucca, MW Macy"",""It's not just how the game is played, it's whether you win or lose"",2019,""Science advances"",""advances.sciencemag.org"",""https://advances.sciencemag.org/content/5/7/eaau1156.abstract"",""https://scholar.google.com/scholar?cites=474460211730629154&as_sdt=2005&sciodt=0,5&hl=en"",77,""2020-03-10 13:08:36"","""","""","""","""",,,,,2,2.00,1,3,1,""Growing disparities of income and wealth have prompted extensive survey research to measure the effects on public beliefs about the causes and fairness of economic inequality. However, observational data confound responses to unequal outcomes with highly …"""
"2,""C Evans"",""Empirical investigations of social learning, cooperation, and their role in the evolution of complex culture"",2016,"""",""research-repository.st-andrews.ac …"",""https://research-repository.st-andrews.ac.uk/handle/10023/9756"",""https://scholar.google.com/scholar?cites=9493195160359467572&as_sdt=2005&sciodt=0,5&hl=en"",78,""2020-03-10 13:08:36"","""","""","""","""",,,,,2,0.50,2,1,4,""There is something unique about human culture. Its complex technologies, customs, institutions, symbolisms and norms, which are shared and maintained and improved across countless generations, are what sets it apart from the 'cultures' of other animals. The …"""
"2,""A Nishi, H Shirado, NA Christakis"",""Intermediate levels of network fluidity amplify economic growth and mitigate economic inequality in experimental social networks"",2015,""Sociological Science"",""sociologicalscience.com"",""https://www.sociologicalscience.com/articles-v2-26-544/"",""https://scholar.google.com/scholar?cites=3266436915772834911&as_sdt=2005&sciodt=0,5&hl=en"",79,""2020-03-10 13:08:36"","""","""","""","""",,,,,2,0.40,1,3,5,""Social connections are mutable. Prior experimental work has shown that circumstances fostering an intermediate rate of forming and breaking social ties (“network fluidity”) facilitate the maintenance of optimal levels of cooperation in experimental social networks. Previous …"""
"1,""D Fehr, H Rau, ST Trautmann, Y Xu"",""Inequality, fairness and social capital"",2018,"""",""econstor.eu"",""https://www.econstor.eu/handle/10419/207626"",""https://scholar.google.com/scholar?cites=5461290734969781065&as_sdt=2005&sciodt=0,5&hl=en"",80,""2020-03-10 13:08:36"","""","""","""","""",,,,,1,0.50,0,4,2,""We study the impact of unjust inequality on social trust and trustworthiness, and its separate effect on the economically successful and the unsuccessful, in a controlled economic experiment. We find evidence for a negative effect of unfair economic inequality on social …"""
"1,""H Du, P Chi, RB King"",""Economic Inequality is Associated with Long‐Term Harm on Adolescent Well‐Being in China"",2019,""Child development"",""Wiley Online Library"",""https://onlinelibrary.wiley.com/doi/abs/10.1111/cdev.13253"",""https://scholar.google.com/scholar?cites=2055115329902539370&as_sdt=2005&sciodt=0,5&hl=en"",81,""2020-03-10 13:08:36"","""","""","""","""",,,,,1,1.00,0,3,1,""Economic inequality has been found to be detrimental to psychological well‐being. However, previous studies were mostly based on cross‐sectional data, drew exclusively on adults, and confined to Western developed countries. To address these shortcomings, the …"""
"1,""A Harrell, D Melamed, B Simpson"",""The strength of dynamic ties: The ability to alter some ties promotes cooperation in those that cannot be altered"",2018,""Science advances"",""advances.sciencemag.org"",""https://advances.sciencemag.org/content/4/12/eaau9109?utm_source=TrendMD&utm_medium=cpc&utm_campaign=TrendMD_1"",""https://scholar.google.com/scholar?cites=10977235410162232001&as_sdt=2005&sciodt=0,5&hl=en"",82,""2020-03-10 13:08:36"",""HTML"","""","""","""",,,,,1,0.50,0,3,2,""Dynamic networks, where ties can be shed and new ties can be formed, promote the evolution of cooperation. Yet, past research has only compared networks where all ties can be severed to those where none can, confounding the benefits of fully dynamic networks …"""
"1,""H Carvacho, B Álvarez"",""Inequality and class consciousness"",2019,""The Social Psychology of Inequality"",""Springer"",""https://link.springer.com/chapter/10.1007/978-3-030-28856-3_19"",""https://scholar.google.com/scholar?cites=6334152910521319431&as_sdt=2005&sciodt=0,5&hl=en"",83,""2020-03-10 13:08:36"","""","""","""","""",,,,,1,1.00,1,2,1,""Class consciousness occupied a central role in some classic theories in the social sciences, particularly in sociology. However, these concepts have been mostly overlooked by social psychology. The recent development of the psychology of inequality and social class opens …"""
"1,""J Celse, M Nicolas, P Schilling"",""Are athletes more cooperative than nonathletes? A laboratory experiment"",2017,""Managerial and Decision …"",""Wiley Online Library"",""https://onlinelibrary.wiley.com/doi/abs/10.1002/mde.2862"",""https://scholar.google.com/scholar?cites=7636378817335521158&as_sdt=2005&sciodt=0,5&hl=en"",84,""2020-03-10 13:08:36"","""","""","""","""",,,,,1,0.33,0,3,3,""Former athletic employees receive a better wage when hired than other employees because recruiters associate positive values to athletic participation. Whereas athletes are considered as more cooperative than others, this assumption lacks empirical support. We …"""
"1,""X Wu, L Lin"",""Resentment against the rich"",2018,""International Journal of Conflict Management"",""emerald.com"",""https://www.emerald.com/insight/content/doi/10.1108/IJCMA-09-2017-0100/full/html"",""https://scholar.google.com/scholar?cites=7824810972760377215&as_sdt=2005&sciodt=0,5&hl=en"",85,""2020-03-10 13:08:36"","""","""","""","""",,,,,1,0.50,1,2,2,""Purpose Because of increasing wealth inequality, China has been confronted with resentment against the rich (referred to hereafter as RAR or Choufu in Chinese), which is a growing concern owing to its potential to foment social conflict. Drawing on social …"""
"1,""C McRorie"",""Heterodox Economics, Social Ethics, and Inequalities: New Tools for Thinking Critically about Markets and Economic Injustices"",2019,""Journal of Religious Ethics"",""Wiley Online Library"",""https://onlinelibrary.wiley.com/doi/abs/10.1111/jore.12263"",""https://scholar.google.com/scholar?cites=5785356369988753867&as_sdt=2005&sciodt=0,5&hl=en"",86,""2020-03-10 13:08:36"","""","""","""","""",,,,,1,1.00,1,1,1,""Research in the cognitive sciences indicates that metaphors significantly shape perceptions and approaches to problem solving. With this in mind, this essay argues that it is problematic for ethicists that mainstream economics and other social scientific literature relies on …"""
"1,""J Xu, C Lv, L Yao, S Hou"",""Intergenerational equity based optimal water allocation for sustainable development: A case study on the upper reaches of Minjiang River, China"",2019,""Journal of hydrology"",""Elsevier"",""https://www.sciencedirect.com/science/article/pii/S0022169418308655"",""https://scholar.google.com/scholar?cites=13567741762614282937&as_sdt=2005&sciodt=0,5&hl=en"",87,""2020-03-10 13:08:36"","""","""","""","""",,,,,1,1.00,0,4,1,""For both physical and economic reasons, water scarcity has become a worldwide concern. To meet regional water demands and improve water resource optimization management, a multi-objective water resource allocation model was developed for a sustainable future, in …"""
"1,""A Braillon, S Bewley"",""The Physician Payments Sunshine Act: a smokescreen if no action!"",2016,""American Journal of Obstetrics & Gynecology"",""ajog.org"",""https://www.ajog.org/article/S0002-9378(16)30527-0/abstract"",""https://scholar.google.com/scholar?cites=12338079732584494976&as_sdt=2005&sciodt=0,5&hl=en"",88,""2020-03-10 13:08:36"",""CITATION"","""","""","""",,,,,1,0.25,1,2,4,""Shalowitz et al 1 rightly stressed the profession's responsibility to self-regulate but transparency has a serious drawback if it is seen as the goal, rather than a means to an end. Merely making high undue payments to key opinion leaders visible without acting could …"""
"1,""E Moreno-Bella, GB Willis, M Moya"",""Economic inequality and masculinity-femininity: The prevailing perceived traits in higher unequal contexts are masculine"",2019,""Frontiers in psychology"",""frontiersin.org"",""https://www.frontiersin.org/articles/10.3389/fpsyg.2019.01590/abstract"",""https://scholar.google.com/scholar?cites=16744916581568968552&as_sdt=2005&sciodt=0,5&hl=en"",89,""2020-03-10 13:08:36"","""","""","""","""",,,,,1,1.00,0,3,1,""Previous studies have shown that economic inequality influences psychological processes. In this article we argue that economic inequality also makes masculine attributes more prototypical. In Study 1 (N= 106), using an experimental design, we showed that individuals …"""
"1,""E Hart, PK Piff"",""When Inequality is Good for Groups: The Moderating Role of Fairness"",2018,""Available at SSRN 3372685"",""papers.ssrn.com"",""https://papers.ssrn.com/sol3/papers.cfm?abstract_id=3372685"",""https://scholar.google.com/scholar?cites=265434638239131568&as_sdt=2005&sciodt=0,5&hl=en"",90,""2020-03-10 13:08:36"","""","""","""","""",,,,,1,0.50,1,2,2,""Many societies today are experiencing growing inequality in terms of wealth, income, health, education, resources or opportunities, trends that have negative effects upon well-being, trust, and motivation. We investigated whether inequalities––particularly those perceived as …"""
"1,""OP Hastings"",""Inequality and Society: Mechanisms and Methods for Understanding the Consequences of Rising Income Inequality"",2017,"""",""escholarship.org"",""https://escholarship.org/uc/item/0864v18g"",""https://scholar.google.com/scholar?cites=14244884404974738395&as_sdt=2005&sciodt=0,5&hl=en"",91,""2020-03-10 13:08:36"",""HTML"","""","""","""",,,,,1,0.33,1,1,3,""Income inequality has risen sharply in the United States over the past forty years, yet there remains substantial uncertainty about the consequences of income inequality on social life. This dissertation advances research on these consequences by focusing on mechanisms …"""
"1,""JD García-Castro, GB Willis…"",""I know people who can and who cannot: A measure of the perception of economic inequality in everyday life"",2019,""The Social Science …"",""Taylor & Francis"",""https://www.tandfonline.com/doi/abs/10.1016/j.soscij.2018.09.008"",""https://scholar.google.com/scholar?cites=13205054492048437171&as_sdt=2005&sciodt=0,5&hl=en"",92,""2020-03-10 13:08:36"","""","""","""","""",,,,,1,1.00,0,3,1,""Highlights• A scale of Perceived Economic Inequality in Everyday Life (PEIEL) is presented.• The scale is unidimensional and shows valid and reliable psychometric properties.• PEIEL predicted tolerance of economic inequality over and above wage gap estimates.• PEIEL had …"""
"1,""C Baez Camargo, R Sambaiga, E Kamanyi, C Stahl…"",""Behavioural influences on attitudes towards petty corruption. A Study of Social Norms and Mental Models in Tanzania"",2017,"""",""edoc.unibas.ch"",""https://edoc.unibas.ch/66327/1/20181029121141_5bd6eaed9843e.pdf"",""https://scholar.google.com/scholar?cites=8351956982089514591&as_sdt=2005&sciodt=0,5&hl=en"",93,""2020-03-10 13:08:36"",""PDF"","""","""","""",,,,,1,0.33,0,5,3,""Although substantial investments and efforts have been made to combat corruption in the developing world, the effects of conventional anti-corruption interventions remain modest at best (Marquette and Pfeiffer 2015; Mungiu-Pippidi 2011). This is often reflected in the so …"""
"1,""R Rodríguez-Bailón, Á Sánchez-Rodríguez…"",""Inequality is in the air: Contextual psychosocial effects of power and social class"",2019,""Current opinion in …"",""Elsevier"",""https://www.sciencedirect.com/science/article/pii/S2352250X19300752"",""https://scholar.google.com/scholar?cites=5478578149963384381&as_sdt=2005&sciodt=0,5&hl=en"",94,""2020-03-10 13:08:36"","""","""","""","""",,,,,1,1.00,0,3,1,""Social class and power inequalities are defining features of current societies and tend to influence several social psychological processes. Two types of consequences of social class and power inequalities can be differentiated: mechanical and contextual. Mechanical …"""
"1,""F XU, O LI, Y DENG, C LIU, Y SHI"",""The inequity aversion in behavioral economics"",2016,""Advances in Psychological …"",""journal.psych.ac.cn"",""http://journal.psych.ac.cn/xlkxjz/EN/Y2016/V24/I10/1613"",""https://scholar.google.com/scholar?cites=13904711545866146952&as_sdt=2005&sciodt=0,5&hl=en"",95,""2020-03-10 13:08:36"","""","""","""","""",,,,,1,0.25,0,5,4,""In behavioral economics, inequity aversion means that individuals resist inequitable outcome; that is they are willing to give up some material payoff to move in the direction of more equitable outcomes. Inequity aversion is a common anomaly in economics, which is a …"""
"1,""K Thomsen"",""Gerecht und tolerant aus Vernunft und Eigeninteresse"",2017,""Aufklärung und Kritik"",""gkpn.de"",""http://www.gkpn.de/Thomsen_Gerecht-aus-Vernunft_AuK.pdf"",""https://scholar.google.com/scholar?cites=8665576146159057583&as_sdt=2005&sciodt=0,5&hl=en"",96,""2020-03-10 13:08:36"",""PDF"","""","""","""",,,,,1,0.33,1,1,3,""Gerechtigkeit ist ein Konzept, dem zumindest vordergründig in allen menschlichen Kulturen ein hoher Stellenwert bekundet wird. Es soll im Folgenden eine vorsichtige Annäherung versucht werden, wobei sich als Ausgangspunkt ein Standardwerk anbietet, in welchem der …"""
"0,""XJ Zhang, Y Tang, J Xiong, WJ Wang…"",""Ranking game on networks: The evolution of hierarchical society"",2020,""Physica A: Statistical …"",""Elsevier"",""https://www.sciencedirect.com/science/article/pii/S0378437119317698"","""",97,""2020-03-10 13:08:36"","""","""","""","""",,,,,0,0.00,0,5,1,""Interacting with each other, individuals in a population form various social network topologies. Models of evolutionary games on networks provide insight into how the collective behaviors of structured populations are influenced by individual decision making …"""
"0,""M Mosleh"",""IC2S2-Tutorial"",,""mohsenmosleh.com"","""",""http://mohsenmosleh.com/ic2s2-tutorial/"","""",98,""2020-03-10 13:08:36"","""","""","""","""",,,,,0,0.00,0,1,,""Background We will cover type of studies that can benefit from experimental social network approach, eg, collective intelligence, collective problem solving, and formation of social norms. Design techniques We will talk about implementation techniques such as synching …"""
"0,""JY Lv"",""The Effects of Empathy on Cooperation"",2016,"""",""qmro.qmul.ac.uk"",""http://qmro.qmul.ac.uk/xmlui/handle/123456789/24245"","""",99,""2020-03-10 13:08:36"","""","""","""","""",,,,,0,0.00,0,1,4,""Empathy induced altruism is considered as the motivation of human cooperation, one of the most prominent pro-social behaviours in society. To explore the empathy-cooperation link, this thesis presents a series of empirical studies designed to uncover how reliable this …"""
"0,""AA Arechar, S Gächter, L Molleman"",""CeDEx Discussion Paper Series ISSN 1749-3293"",2017,"""",""nottingham.ac.uk"",""http://www.nottingham.ac.uk/cedex/documents/papers/cedex-discussion-paper-2017-02.pdf"","""",100,""2020-03-10 13:08:36"",""PDF"","""","""","""",,,,,0,0.00,0,3,3,""Online labor markets provide new opportunities for behavioral research, but conducting economic experiments online raises important methodological challenges. This particularly holds for interactive designs. In this paper, we provide a methodological discussion of the …"""
"0,""TO Passarelli"",""The interplay of stress and decision making on our motivation to help others"",2016,"""",""search.proquest.com"",""http://search.proquest.com/openview/c794a4101919bdd2b92857119b2ebdb5/1?pq-origsite=gscholar&cbl=18750&diss=y"","""",101,""2020-03-10 13:08:36"","""","""","""","""",,,,,0,0.00,0,1,4,""The concept of prosociality broadly refers to behaviors that benefit others, including caregiving, cooperation, affiliation, and sharing (Batson & Powell, 2003). Several studies have shown that quick decisions increase and reflective decisions decrease the likelihood of …"""
"0,""V Stojkoski, Z Utkovski, L Basnarkov, L Kocarev"",""Cooperation dynamics in networked geometric Brownian motion"",2019,""Physical Review E"",""APS"",""https://journals.aps.org/pre/abstract/10.1103/PhysRevE.99.062312"","""",102,""2020-03-10 13:08:36"","""","""","""","""",,,,,0,0.00,0,4,1,""Recent works suggest that pooling and sharing may constitute a fundamental mechanism for the evolution of cooperation in well-mixed fluctuating environments. The rationale is that, by reducing the amplitude of fluctuations, pooling and sharing increases the steady-state …"""
"0,""R Rodrıguez-Bailón, A Sánchez-Rodrıguez"",""Inequality is in the air: Contextual psychosocial effects"",2008,""Social Psychology"",""researchgate.net"",""https://www.researchgate.net/profile/Rosa_Rodriguez-Bailon/publication/334585472_Inequality_is_in_the_air_Contextual_psychosocial_effects_of_power_and_social_class/links/5d32bebd92851cd04675938c/Inequality-is-in-the-air-Contextual-psychosocial-effects-of-power-and-social-class.pdf"","""",103,""2020-03-10 13:08:36"",""PDF"","""","""","""",,,,,0,0.00,0,2,12,""Social class and power inequalities are defining features of current societies and tend to influence several social psychological processes. Two types of consequences of social class and power inequalities can be differentiated: mechanical and contextual. Mechanical …"""
"0,""JW Park"",""The structural dynamics of social class Michael W Kraus and Jun Won Park"",2017,""Current Opinion in Psychology"",""researchgate.net"",""https://www.researchgate.net/profile/Michael_Kraus6/publication/318848693_The_structural_dynamics_of_social_class/links/5b056a050f7e9b1ed7e80f3c/The-structural-dynamics-of-social-class.pdf"","""",104,""2020-03-10 13:08:36"",""PDF"","""","""","""",,,,,0,0.00,0,1,3,""Individual agency accounts of social class persist in society and even in psychological science despite clear evidence for the role of social structures. This article argues that social class is defined by the structural dynamics of society. Specifically, access to powerful …"""
"0,""P Justino, A Arjona, JC Cárdenas, AM Ibáñez…"",""On the political and social consequences of economic inequality"",2019,"""",""wider.unu.edu"",""https://www.wider.unu.edu/sites/default/files/Publications/Working-paper/PDF/wp-2019-76.pdf"","""",105,""2020-03-10 13:08:36"",""PDF"","""","""","""",,,,,0,0.00,0,5,1,""This paper investigates the impact of inequality on individual civic engagement at the community level, whether this impact persists over time, and what mechanisms may shape the relationship between inequality and civic engagement. The results show that inequality …"""
"0,""T Livani"",""Income Inequality, Government Welfare Effort, and Subjective Well-Being: Three Essays"",2017,"""",""drum.lib.umd.edu"",""https://drum.lib.umd.edu/handle/1903/19839"","""",106,""2020-03-10 13:08:36"","""","""","""","""",,,,,0,0.00,0,1,3,""This dissertation consists of three essays on the relations of income inequality and government welfare effort with subjective well-being. The first essay introduces the concepts, reviews the literature linking income inequality and government welfare effort to subjective …"""
"0,""B Callaghan, QM Delgadillo, M Kraus"",""The influence of signs of social class on prosocial behavior: A field experiment"",2019,"""",""psyarxiv.com"",""https://psyarxiv.com/en7zd/"","""",107,""2020-03-10 13:08:36"","""","""","""","""",,,,,0,0.00,0,3,1,""Abstract A field experiment (N= 4,537) examined how signs of social class influence prosocial behavior. In the experiment, pedestrians were exposed to a target wearing symbols of relatively high or low social class in two major urban cities in the USA who was …"""
"0,""N Carnes"",""A Virtuous Cycle: Interdependence and the Ontogenesis of Social Justice"",2017,"""",""scholarworks.umass.edu"",""https://scholarworks.umass.edu/dissertations_2/1024/"","""",108,""2020-03-10 13:08:36"","""","""","""","""",,,,,0,0.00,0,1,3,""Past research suggests that inequality has been the norm throughout most of human history (Piketty, 2014) until the shocks of the 20 th century—especially mass mobilization for the world wars—spurred support for progressive public policies around taxation and social …"""
"0,""EL Platt"",""Networked Deliberation in Peer-Produced Collective Action"",2018,"""",""elplatt.com"",""https://elplatt.com/archive/2018/05/03/platt-prelim.pdf"","""",109,""2020-03-10 13:08:36"",""PDF"","""","""","""",,,,,0,0.00,0,1,2,""The past several decades have seen the emergence of a networked information economy (Benkler, 2006). This new type of economy is characterized by fast, cheap, and bidirectional global communication, thanks to the internet, resulting in an increase in knowledge work …"""
"0,""OP Hauser"",""Challenging Cooperation: Inequality, Global Commons, Future Generations"",2016,"""",""dash.harvard.edu"",""https://dash.harvard.edu/handle/1/33493433"","""",110,""2020-03-10 13:08:36"","""","""","""","""",,,,,0,0.00,0,1,4,""Cooperation is abundant in the world around us, spanning all levels of biological and social organisation. Yet the existence and maintenance of cooperation is puzzling from an evolutionary perspective because the costs borne to cooperating individuals put them at an …"""
"0,""MW Muelas, F Mughal, S O'Hagan, PJ Day, DB Kell"",""The role and robustness of the Gini coefficient as an unbiased tool for the selection of Gini genes for normalising expression profiling data"",2019,""Scientific Reports"",""nature.com"",""https://www.nature.com/articles/s41598-019-54288-7"","""",111,""2020-03-10 13:08:36"",""HTML"","""","""","""",,,,,0,0.00,0,5,1,""We recently introduced the Gini coefficient (GC) for assessing the expression variation of a particular gene in a dataset, as a means of selecting improved reference genes over the cohort ('housekeeping genes') typically used for normalisation in expression profiling …"""
"0,""MW Kraus, B Torrez"",""A Psychology of Power That Is Embedded in Societal Structures"",2019,""Current opinion in psychology"",""Elsevier"",""https://www.sciencedirect.com/science/article/pii/S2352250X19300983"","""",112,""2020-03-10 13:08:36"","""","""","""","""",,,,,0,0.00,0,2,1,""Here, we look ahead to a psychology of power that is embedded in societal structures, specifically with regard to the North American context of race, gender, and social class. We argue that studies of power are limited when decoupled from these societal structures of …"""
"0,""SM Rennie, ML Platt"",""Mice learn to avoid the rat race"",2018,"""",""nature.com"",""https://www.nature.com/articles/d41586-017-08835-9/"","""",113,""2020-03-10 13:08:36"","""","""","""","""",,,,,0,0.00,0,2,2,""Thank you for visiting nature.com. You are using a browser version with limited support for CSS. To obtain the best experience, we recommend you use a more up to date browser (or turn off compatibility mode in Internet Explorer). In the meantime, to ensure continued support, we …"""
"0,""MA Sarraf, C Feltham"",""Enlightenment Never"",2019,""Modernity and Cultural Decline"",""Springer"",""https://link.springer.com/chapter/10.1007/978-3-030-32984-6_5"","""",114,""2020-03-10 13:08:36"","""","""","""","""",,,,,0,0.00,0,2,1,""Abstract We critique Steven Pinker's acclaimed book Enlightenment Now (2018) at length. In his defense of an optimistic view of modernity, Pinker fails to mention a variety of negative trends, such as those indicating declines in important dimensions of human intelligence. We …"""
"0,""H Shirado, G Iosifidis…"",""Assortative mixing and resource inequality enhance collective welfare in sharing networks"",2019,""Proceedings of the …"",""National Acad Sciences"",""https://www.pnas.org/content/116/45/22442.short"","""",115,""2020-03-10 13:08:36"","""","""","""","""",,,,,0,0.00,0,3,1,""Resource sharing can impose an economic trade-off: One person acquiring resources may mean that another cannot. However, if individuals value the social process itself that is a feature of economic exchanges, socio-structural manipulations might improve collective …"""
"0,""M Mosleh"",""Online Interactive Experiments on Networks"",2019,""Companion Publication of the 10th ACM Conference …"",""dl.acm.org"",""https://dl.acm.org/doi/abs/10.1145/3328413.3329795"","""",116,""2020-03-10 13:08:36"","""","""","""","""",,,,,0,0.00,0,1,1,""Conducting human experiments using crowdsourcing platforms, such as Amazon Mechanical Turk, has made it possible to collect a much larger amount of experimental data in a much shorter period of time relative to what was possible in traditional physical lab …"""
"0,""M Mosleh"",""EuroCSS-Tutorial"",,""mohsenmosleh.com"","""",""http://mohsenmosleh.com/eurocss-tutorial/"","""",117,""2020-03-10 13:08:36"","""","""","""","""",,,,,0,0.00,0,1,,""Background We will cover type of studies that can benefit from experimental social network approach, eg, collective intelligence, collective problem solving, and formation of social norms. Design techniques We will talk about implementation techniques such as synching …"""
"0,""T Vorlaufer, B Vollan"",""How Migrants Benefit Poor Communities: Evidence on Collective Action in Rural Zambia"",2020,""Land Economics"",""le.uwpress.org"",""http://le.uwpress.org/content/96/1/111.short"","""",118,""2020-03-10 13:08:36"","""","""","""","""",,,,,0,0.00,0,2,1,""This paper investigates the effects of internal in-migration on cooperation in rural farming communities in Zambia. Potentially, in-migration could trigger discrimination, decrease overall levels of trust, and hence negatively impact the propensity for collective action. We …"""
"0,""S Yan"",""The evolution of human mobility based on the public goods game"",2017,""Physica A: Statistical Mechanics and its Applications"",""Elsevier"",""https://www.sciencedirect.com/science/article/pii/S0378437117301723"","""",119,""2020-03-10 13:08:36"","""","""","""","""",,,,,0,0.00,0,1,3,""We explore the evolution of human mobility behavior based on public goods game. By using mean field method, the population distribution in different regions is theoretical calculated. Numerical simulation results show that the correlation between the region's degree and its …"""
"0,""JC Chen, T Tam"",""Uses of Artificial and Composite Treatments in Experimental Methods: Reconsidering the Problem of Validity and Its Implications for Stratification Research"",2019,""Research in Social Stratification and Mobility"",""Elsevier"",""https://www.sciencedirect.com/science/article/pii/S0276562419300393"","""",120,""2020-03-10 13:08:36"","""","""","""","""",,,,,0,0.00,0,2,1,""Social science experiments are usually criticized for their lack of external validity, especially their limited generalizability to real-life settings. We offer a critique of this concern by reaffirming some classical insights on experimental methodology and focusing on the …"""
"1,""J Jachimowicz, B Szaszi, M Lukas, D Smerdon…"",""Higher Economic Inequality Intensifies the Poor's Financial Hardship by Fraying the Community Buffer"",2019,"""",""psyarxiv.com"",""https://psyarxiv.com/hpkb2/download?format=pdf"",""https://scholar.google.com/scholar?cites=1398814268452837883&as_sdt=2005&sciodt=0,5&hl=en"",121,""2020-03-10 13:08:36"",""PDF"","""","""","""",,,,,1,1.00,0,5,1,""The current research investigates whether higher economic inequality has a disproportionate effect in intensifying the financial hardship of low-income individuals. Drawing on recent advances in social psychology and sociology, we propose that higher …"""
"0,""K Gangl, B Torgler"",""How to Achieve Tax Compliance by the Wealthy: A Review of the Literature and Agenda for Policy"",2020,""Social Issues and Policy Review"",""Wiley Online Library"",""https://spssi.onlinelibrary.wiley.com/doi/abs/10.1111/sipr.12065"","""",122,""2020-03-10 13:08:36"","""","""","""","""",,,,,0,0.00,0,2,1,""Tax compliance by the wealthy is relevant not only because their contributions are essential to maintain public budgets and social equality, but because their (non) compliance behavior and the perceived (un) fairness of their contributions can fuel social unrest. In this article …"""
"0,""L Liu, X Chen"",""Evolution of public cooperation in a risky society with heterogeneous assets"",2018,""Frontiers in Physics"",""frontiersin.org"",""https://www.frontiersin.org/articles/10.3389/fphy.2017.00067/full"","""",123,""2020-03-10 13:08:36"",""HTML"","""","""","""",,,,,0,0.00,0,2,2,""The phenomenon of asset heterogeneity is widespread in human society. However, it is unclear what roles heterogeneous assets play in the evolution of cooperation of the collective-risk society. In this paper, we thus introduce asset heterogeneity into a threshold …"""
"0,""W Elsner"",""Economic Philosophy: Complexities in Economics"",,""economicphilosophy2017 …"","""",""https://economicphilosophy2017.weaconferences.net/files/2017/09/WEA-EconomicPhilosophyConference2017-Elsner.pdf"","""",124,""2020-03-10 13:08:36"",""PDF"","""","""","""",,,,,0,0.00,0,1,,""Complexity economics has developed into a powerful empirical, theoretical, and computational research program in the last three decades, advancing more realistic economics. It converges with long-standing heterodox schools, and its theoretical and …"""
"0,""K Kirkland, J Jetten, M Nielsen"",""But That's Not Fair! The Experience of Economic Inequality from a Child's Perspective"",2019,""The Social Psychology of Inequality"",""Springer"",""https://link.springer.com/chapter/10.1007/978-3-030-28856-3_12"","""",125,""2020-03-10 13:08:36"","""","""","""","""",,,,,0,0.00,0,3,1,""The twenty-first century is witnessing a rapid rise in concern regarding wealth inequality and the fairness of our economic systems. Alongside this concern, research is uncovering the detrimental effects of high inequality on human behavior. However, comparatively little effort …"""
"0,""M Mosleh, B Heydari"",""Why Groups Show Different Fairness Norms? The Interaction Topology Might Explain"",2017,""International Conference on Social Informatics"",""Springer"",""https://link.springer.com/chapter/10.1007/978-3-319-67217-5_5"","""",126,""2020-03-10 13:08:36"","""","""","""","""",,,,,0,0.00,0,2,3,""Computational models of prosocial norms are becoming important from the perspective of theoretical social sciences as well as engineering of autonomous systems, who also need to show prosocial behavior in their social interactions. Fairness, as one of the strongest …"""
"0,""W Elsner"",""Policy Implications of Economic Complexity."",2016,"""",""researchgate.net"",""https://www.researchgate.net/profile/Wolfram_Elsner/publication/286458981_POLICY_IMPLICATIONS_OF_ECONOMIC_COMPLEXITY_Towards_a_systemic_long-run_strong_adaptive_and_interactive_policy_conception/links/566b331408ae62b05f04c9d4.pdf"","""",127,""2020-03-10 13:08:36"",""PDF"","""","""","""",,,,,0,0.00,0,1,4,""Complexity economics has developed into a promising cutting-edge research program for a more realistic economics in the last three or four decades. Also some convergent micro-and macro-foundations across heterodox schools have been attained with it. With some time lag …"""
"0,""M Mosleh"",""Websci-Tutorial"",,""mohsenmosleh.com"","""",""http://mohsenmosleh.com/websci-tutorial/"","""",128,""2020-03-10 13:08:36"","""","""","""","""",,,,,0,0.00,0,1,,""Background We will cover type of studies that can benefit from experimental social network approach, eg, collective intelligence, collective problem solving, and formation of social norms. Design techniques We will talk about implementation techniques such as synching …"""
"0,""X Zhang, D Li"",""How the individuals' memory affects the evolution of prisoners' dilemma game in the two-layer network"",2020,""EPL (Europhysics Letters)"",""iopscience.iop.org"",""https://iopscience.iop.org/article/10.1209/0295-5075/129/10002/meta"","""",129,""2020-03-10 13:08:36"","""","""","""","""",,,,,0,0.00,0,2,1,""In general, multilayer networks are often a significantly more apt description of real-life systems than isolated or single networks. In this paper, we explore the effect of memory on the evolution of prisoner's dilemma (PD) game by constructing different kinds of two-layer …"""
"0,""S McDonough"",""Being a Neighbor: Ideas and Ideals of Neighborliness in the Medieval West"",2017,""History Compass"",""Wiley Online Library"",""https://onlinelibrary.wiley.com/doi/abs/10.1111/hic3.12406"","""",130,""2020-03-10 13:08:36"","""","""","""","""",,,,,0,0.00,0,1,3,""This essay takes stock of current scholarship on neighbors in the Middle Ages to think through medieval understandings of the notion of neighborliness. When historians invoke the ideas of neighbors and neighborliness, they mean something beyond the people who …"""
"0,""B Hood"",""Possessed: Why We Want More Than We Need"",2019,"""",""books.google.com"",""https://books.google.com/books?hl=en&lr=&id=I7SmDwAAQBAJ&oi=fnd&pg=PP1&ots=grb4R3OwpD&sig=iaYRtswWIziP5RnsCOv--0rTGZc"","""",131,""2020-03-10 13:08:36"",""BOOK"","""","""","""",,,,,0,0.00,0,1,1,""You may not believe it, but there is a link between our current political instability and your childhood attachment to teddy bears. There's also a reason why children in Asia are more likely to share than their western counterparts and why the poor spend more of their income …"""
"0,""MRÁS RODRÍGUEZ"",""Ángel Sánchez-Rodríguez1. Guillermo B. Willis1. Jolanda Jetten 2 Rosa Rodríguez-Bailón 1 University of Granada"",,""researchgate.net"","""",""https://www.researchgate.net/profile/Guillermo_Willis/publication/328753102_Economic_Inequality_Enhances_Inferences_that_the_Normative_Climate_is_Individualistic_and_Competitive/links/5be421b34585150b2ba7389b/Economic-Inequality-Enhances-Inferences-that-the-Normative-Climate-is-Individualistic-and-Competitive.pdf"","""",132,""2020-03-10 13:08:36"",""PDF"","""","""","""",,,,,0,0.00,0,1,,""In addition to the negative effects of economic inequality on a range of health and social outcomes, we propose that inequality should also affect how people perceive the broader normative climate in society. We predicted that people living in a more unequal (versus …"""
"0,""P Justino, A Arjona, JC Cárdenas Campo, AM Ibáñez…"",""On the political and social consequences of economic inequality: Civic engagement in Colombia"",2019,"""",""econstor.eu"",""https://www.econstor.eu/handle/10419/211307"","""",133,""2020-03-10 13:08:36"","""","""","""","""",,,,,0,0.00,0,5,1,""This paper investigates the impact of inequality on individual civic engagement at the community level, whether this impact persists over time, and what mechanisms may shape the relationship between inequality and civic engagement. The results show that inequality …"""
"0,""M Witte"",""Essays on urban job networks in developing countries"",2018,"""",""ora.ox.ac.uk"",""https://ora.ox.ac.uk/objects/uuid:5f84e7ec-23f0-4fce-91e7-7a9e4a89c785"","""",134,""2020-03-10 13:08:36"","""","""","""","""",,,,,0,0.00,0,1,2,""Across the globe, social networks influence labour market outcomes. This thesis investigates job networks—networks in which individuals exchange jobs and information about vacancies—in cities of developing countries. Using the example of Addis Ababa, Ethiopia, I …"""
"0,""M Zhang, Y Ma, Y Tao, Z Wang, L Shi…"",""Awareness of wealth inequalities breeds animosity"",2020,""Chaos, Solitons & …"",""Elsevier"",""https://www.sciencedirect.com/science/article/pii/S0960077919303339"","""",135,""2020-03-10 13:08:36"","""","""","""","""",,,,,0,0.00,0,6,1,""Cooperation is a ubiquitous trait among individuals of a species which interbreeds in nature and forms part of groups [1]. Various theories and models have been developed to explain the origins, maintenance, and continuation of cooperation within a generic population …"""
"0,""E Lee"",""Embodied Transience: Racialized-Gendered Violence in the Criminal Punishment System"",2017,"""",""repository.wellesley.edu"",""https://repository.wellesley.edu/cgi/viewcontent.cgi?article=1639&context=thesiscollection"","""",136,""2020-03-10 13:08:36"",""PDF"","""","""","""",,,,,0,0.00,0,1,3,""To Dr. Irene Mata, for your powerful insight, unconditional support, and profound wisdom, for every transformative lesson in and out of class that enabled my growth as a student, as a friend, and as a person, for providing the tools to take this wreckage and turn it into …"""
"0,""D Li, J Du, M Sun, D Han"",""How conformity psychology and benefits affect individuals' green behaviours from the perspective of a complex network"",2020,""Journal of Cleaner Production"",""Elsevier"",""https://www.sciencedirect.com/science/article/pii/S0959652619340855"","""",137,""2020-03-10 13:08:36"","""","""","""","""",,,,,0,0.00,0,4,1,""How to encourage individuals to practice green, low-carbon behaviours as an effective way to achieve energy conservation and emission reduction is a scientific and social problem that urgently requires a solution. Considering that a change in individuals' behaviours can …"""
"0,""CB Camargo, R Sambaiga, E Kamanyi, C Stahl…"",""Behavioural influences on attitudes towards petty corruption A Study of Social Norms and Mental Models in Tanzania"",2017,"""",""assets.publishing.service.gov.uk"",""https://assets.publishing.service.gov.uk/media/5a3cf610ed915d6be90f2eb1/Corruption_attitudes_and_behaviours_in_East_Africa_Tanzania_Country_Report_Final.pdf"","""",138,""2020-03-10 13:08:36"",""PDF"","""","""","""",,,,,0,0.00,0,5,3,""Although substantial investments and efforts have been made to combat corruption in the developing world, the effects of conventional anti-corruption interventions remain modest at best (Marquette and Pfeiffer 2015; Mungiu-Pippidi 2011). This is often reflected in the so …"""
"0,""Z Gricevic"",""Neighborhood Level Immigrant Share, Economic Differences and Charitable Giving"",2018,"""",""pdfs.semanticscholar.org"",""https://pdfs.semanticscholar.org/96f5/725c301a56e36bc9dc67bc2209ebc8447a61.pdf"","""",139,""2020-03-10 13:08:36"",""PDF"","""","""","""",,,,,0,0.00,0,1,2,""The following paper explores if being different from ones neighbors ethnically and economically affects charitable giving to refugees. This question is addressed by combining individual level data from Socio-Economic Panel with neighborhood level indicators of …"""
"0,""S Bewley"",""Letter to the Editors ajog. org"",,"""","""","""","""",140,""2020-03-10 13:08:36"",""CITATION"","""","""","""",,,,,0,0.00,0,1,,"""""
"0,""DM Stancato, D Keltner, S Chen"",""The Gap Between Us: Income Inequality Reduces Face-to-Face Social Capital"",,""xlab.berkeley.edu"","""",""http://xlab.berkeley.edu/connect/Stancato_Income%20Inequality%20and%20Social%20Capital_MS.pdf"","""",141,""2020-03-10 13:08:36"",""PDF"","""","""","""",,,,,0,0.00,0,3,,""Guided by correlational work suggesting that income inequality is associated with deleterious societal outcomes (eg, reduced trust, increased violence), in the present investigation we tested the hypothesis that increased inequality between individuals will …"""
"0,""S Caria, S Franklin, M Witte"",""CSAE Working Paper WPS/2018-14"",2018,"""",""csae.ox.ac.uk"",""http://www.csae.ox.ac.uk/materials/papers/csae-wps-2018-14.pdf"","""",142,""2020-03-10 13:08:36"",""PDF"","""","""","""",,,,,0,0.00,0,3,2,""Do policy interventions disrupt social networks? We study how a job-search assistance intervention in Addis Ababa, Ethiopia, affects the job-search partners of programme participants. We find that the partners of treated participants reduce their job search efforts …"""
"0,""L Lungu"",""PhD Candidate Department of Political Science University of Gothenburg 31.10. 2019"",2019,"""",""rubenson.org"",""https://rubenson.org/wp-content/uploads/2019/11/lungu.pdf"","""",143,""2020-03-10 13:08:36"",""PDF"","""","""","""",,,,,0,0.00,0,1,1,""Does conspicuous consumption have an effect on redistributive attitudes? Conspicuous consumption refers to displays of luxury goods such as clothing and accessories, expensive homes and vehicles. This type of good is directly observable and signals the status of their …"""
"0,""A Barrita, D Keltner"",""The Effects of Perceived Economic Inequality on Social Decision-Making"",2017,"""",""academia.edu"",""https://www.academia.edu/download/53143969/Barrita__A.-ThesisSpring2017.pdf"","""",144,""2020-03-10 13:08:36"",""PDF"","""","""","""",,,,,0,0.00,0,2,3,""Economic inequality in the US has drastically increased over the last four decades. However, while much work has been devoted to examining the effect of this increase in inequality on health and well-being, little is understood regarding the impact of this …"""
"0,""S Kim"",""Directionality of information flow and echoes without chambers"",2019,""PloS one"",""journals.plos.org"",""https://journals.plos.org/plosone/article/file?type=printable&id=10.1371/journal.pone.0215949"","""",145,""2020-03-10 13:08:36"",""PDF"","""","""","""",,,,,0,0.00,0,1,1,""How do echo chambers operate? Why does social propagation of information become trapped within the boundaries of social groups? Previous studies of these questions have identified informational and structural factors which hinder information exchange across …"""
"0,""KJ Martin"",""Complex Questions for the Study of Urban Agglomerations"",2019,"""",""tspace.library.utoronto.ca"",""https://tspace.library.utoronto.ca/handle/1807/98154"","""",146,""2020-03-10 13:08:36"","""","""","""","""",,,,,0,0.00,0,1,1,""This thesis attempts to construct a framework for answering perennial questions about urban agglomerations, called the Cooperative Capital framework. It takes the view of the city as complex system and relates the process of urban agglomeration to the city's adaptive …"""
"0,""R RB, AO de Berker, S Espenhahn…"",""The social contingency of momentary subjective well-being"",2016,""… and representation in …"",""discovery.ucl.ac.uk"",""https://discovery.ucl.ac.uk/id/eprint/1553367/3/ThesisCompiled_postViva_forPrinting.pdf#page=59"","""",147,""2020-03-10 13:08:36"",""PDF"","""","""","""",,,,,0,0.00,0,4,4,""Here we use the reinforcement learning models introduced in the previous chapter, demonstrating how they can contribute to our understanding of emotional state. We first relate fluctuations in emotional state in participants playing a gambling task to the …"""
"0,""NV Gorbacheva"",""Evaluation of economic inequality in manufacturing public-private partnerships"",2018,"""",""dspace.spbu.ru"",""https://dspace.spbu.ru/bitstream/11701/10305/1/06-Gorbacheva.pdf"","""",148,""2020-03-10 13:08:36"",""PDF"","""","""","""",,,,,0,0.00,0,1,2,""The emerging trend for innovating the manufacturing sector in the developed economies of the world makes urgent the use of the public-private partnerships to launch capital-intensive investment projects, that is supposed to star up endeavors on behalf of the state and …"""
"0,""LG Jacinto"",""El instinto de igualdad"",2017,""Escritos de Psicología-Psychological Writings"",""redalyc.org"",""https://www.redalyc.org/jatsRepo/2710/271053857006/271053857006.pdf"","""",149,""2020-03-10 13:08:36"",""PDF"","""","""","""",,,,,0,0.00,0,1,3,""Los resultados de experimentos con el juego del ultimatum ponen de manifiesto la existencia de un comportamiento humano incompatible con la concepción del hombre interesado en la maximización de los recursos para su propia supervivencia. Aparece un …"""
"0,""Á Sánchez Rodríguez"",""La cultura de la desigualdad: efectos de las distribución de recursos sobre el individualismo"",2019,"""",""digibug.ugr.es"",""https://digibug.ugr.es/handle/10481/54627"","""",150,""2020-03-10 13:08:36"","""","""","""","""",,,,,0,0.00,0,1,1,""Economic inequality has considerably increased around the world (OECD, 2015; Piketty, 2014). Several studies have shown that more unequal societies are more dysfunctional; that is, they show more health and social problems than more egalitarian societies (Wilkinson & …"""
"0,""L Gómez Jacinto"",""El instinto de igualdad"",2017,""Escritos de Psicología (Internet)"",""SciELO Espana"",""http://scielo.isciii.es/scielo.php?pid=S1989-38092017000300006&script=sci_arttext&tlng=pt"","""",151,""2020-03-10 13:08:36"",""HTML"","""","""","""",,,,,0,0.00,0,1,3,""Los resultados de experimentos con el juego del ultimatum ponen de manifiesto la existencia de un comportamiento humano incompatible con la concepción del hombre interesado en la maximización de los recursos para su propia supervivencia. Aparece un …"""
"0,""E García-Sánchez"",""El Círculo Vicioso de la Desigualdad Económica: El rol de las percepciones e ideologías de la desigualdad"",2019,"""",""digibug.ugr.es"",""https://digibug.ugr.es/handle/10481/55473"","""",152,""2020-03-10 13:08:36"","""","""","""","""",,,,,0,0.00,0,1,1,""A pesar del extraordinario incremento de la desigualdad económica en los últimos años y de sus efectos perniciosos a nivel político, económico, social e individual, los niveles de aceptación y justificación de la desigualdad siguen siendo ampliamente generalizados …"""
"0,""НВ Горбачева"",""РОЛЬ КОЭФФИЦИЕНТА ДЖИНИ В АНАЛИЗЕ ВЫГОД И ЗАТРАТ ГОСУДАРСТВЕННО-ЧАСТНЫХ ПАРТНЕРСТВ В ПРОМЫШЛЕННОСТИ"",2018,""Вестник Московского университета. Серия 6 …"",""cyberleninka.ru"",""https://cyberleninka.ru/article/n/18072888"","""",153,""2020-03-10 13:08:36"",""HTML"","""","""","""",,,,,0,0.00,0,1,2,""С возрождением роли промышленности в первой четверти XXI в. возрастает взаимодействие государства и бизнеса в производственной сфере, что расширяет экономическое содержание государственно-частных партнерств и вовлекает в них все …"""
"0,""Á Sánchez-Rodríguez, GB Willis, R Rodríguez-Bailón"",""El impacto psicológico de la desigualdad económica"",,""cienciacognitiva.org"","""",""http://www.cienciacognitiva.org/?p=1466"","""",154,""2020-03-10 13:08:36"",""HTML"","""","""","""",,,,,0,0.00,0,3,,""¿ Cómo nos afecta la desigualdad económica psicológicamente?¿ El hecho de que los ricos son cada vez más ricos mientras que los pobres son cada vez más pobres condiciona la manera de comportarnos y relacionarnos con las personas de nuestro entorno …"""